bureau,adresse,cp,ville
0001,01 RUE DU VAL D OSNE,94410,SAINT-MAURICE
0001,1 ALLEE DES ERABLES,94410,SAINT-MAURICE
0001,1 ALLEE DES ERABLES,94410,ST MAURICE
0001,1 Bis RUE DU VAL D OSNE,94410,SAINT-MAURICE
0001,1 Bis RUE DU VAL D OSNE,94410,ST MAURICE
0001,1 RUE DU VAL D OSNE,94410,SAINT-MAURICE
0001,1 RUE DU VAL D OSNE,94410,ST MAURICE
0001,10 ALLEE DES ERABLES,94410,SAINT-MAURICE
0001,10 RUE DU MARECHAL LECLERC,94410,SAINT-MAURICE
0001,10 RUE DU MARECHAL LECLERC,94410,ST MAURICE
0001,11 RUE PAUL VERLAINE,94410,SAINT-MAURICE
0001,15 Bis RUE DU MARECHAL LECLERC,94410,SAINT-MAURICE
0001,15 RUE DU MARECHAL LECLERC,94410,SAINT-MAURICE
0001,18 RUE DU MARECHAL LECLERC,94410,ST MAURICE
0001,2 / 4 RUE DU PONT,94410,SAINT-MAURICE
0001,2 ALLEE DES ERABLES,94410,SAINT-MAURICE
0001,2 RUE DU MARECHAL LECLERC,94410,SAINT-MAURICE
0001,2 RUE DU PONT,94410,SAINT-MAURICE
0001,2 RUE DU PONT,94410,ST MAURICE
0001,24 Bis RUE DU MARECHAL LECLERC,94410,SAINT-MAURICE
0001,24 Bis RUE DU MARECHAL LECLERC,94410,ST MAURICE
0001,24 RUE DU PONT,94410,SAINT-MAURICE
0001,25 Bis RUE DU MARECHAL LECLERC,94410,SAINT-MAURICE
0001,25 RUE DU MARECHAL LECLERC,94410,SAINT-MAURICE
0001,25 RUE DU MARECHAL LECLERC,94410,ST MAURICE
0001,26 RUE DU MARECHAL LECLERC,94410,SAINT-MAURICE
0001,27 Bis RUE DU MARECHAL LECLERC,94410,SAINT-MAURICE
0001,27 RUE DU MARECHAL LECLERC,94410,SAINT-MAURICE
0001,3 ALLEE DES ERABLES,94410,SAINT-MAURICE
0001,3 Bis QUAI DE LA REPUBLIQUE,94410,SAINT-MAURICE
0001,3 Bis QUAI DE LA REPUBLIQUE,94410,ST MAURICE
0001,3 Bis RUE DU VAL D OSNE,94410,SAINT-MAURICE
0001,3 QUAI DE LA REPUBLIQUE,94410,SAINT-MAURICE
0001,3 RUE DU VAL D OSNE,94410,SAINT-MAURICE
0001,4 QUAI DE LA REPUBLIQUE,94410,SAINT-MAURICE
0001,4 QUAI DE LA REPUBLIQUE,94410,ST MAURICE
0001,4 RUE DU MARECHAL LECLERC,94410,SAINT-MAURICE
0001,4 RUE DU PONT,94410,SAINT-MAURICE
0001,5 A QUAI DE LA REPUBLIQUE,94410,SAINT-MAURICE
0001,5 B QUAI DE LA REPUBLIQUE,94410,SAINT-MAURICE
0001,5 B QUAI DE LA REPUBLIQUE,94410,ST MAURICE
0001,5 Bis / B QUAI DE LA REPUBLIQUE,94410,SAINT-MAURICE
0001,5 Bis QUAI DE LA REPUBLIQUE,94410,SAINT-MAURICE
0001,5 Bis RUE DU VAL D OSNE,94410,SAINT-MAURICE
0001,5 Bis RUE DU VAL D OSNE,94410,ST MAURICE
0001,5 QUAI DE LA REPUBLIQUE,94410,SAINT-MAURICE
0001,5 RUE DU VAL D OSNE,94410,SAINT-MAURICE
0001,5 RUE DU VAL D OSNE,94410,ST MAURICE
0001,6 ALLEE DES ERABLES,94410,SAINT-MAURICE
0001,6 RUE DU MARECHAL LECLERC,94410,SAINT-MAURICE
0001,7 A RUE DU MARECHAL LECLERC,94410,SAINT-MAURICE
0001,7 Bis RUE DU MARECHAL LECLERC,94410,SAINT-MAURICE
0001,7 Bis RUE DU MARECHAL LECLERC,94410,ST MAURICE
0001,7 RUE DU MARECHAL LECLERC,94410,SAINT-MAURICE
0001,7 RUE DU VAL D OSNE,94410,SAINT-MAURICE
0001,7 Ter RUE DU MARECHAL LECLERC,94410,SAINT-MAURICE
0001,8 RUE DU MARECHAL LECLERC,94410,SAINT-MAURICE
0001,ILE DE LA CHAUSSEE,94410,SAINT-MAURICE
0002,1 RUELLE DU BOIS,94410,SAINT-MAURICE
0002,1 VILLA VACASSY,94410,SAINT-MAURICE
0002,10 RUE DU VAL D OSNE,94410,SAINT-MAURICE
0002,10 RUE MAURICE GREDAT,94410,SAINT-MAURICE
0002,10 VILLA VACASSY,94410,SAINT-MAURICE
0002,102 Bis RUE DU MARECHAL LECLERC,94410,SAINT-MAURICE
0002,102 RUE DU MARECHAL LECLERC,94410,SAINT-MAURICE
0002,104 Bis RUE DU MARECHAL LECLERC,94410,SAINT-MAURICE
0002,104 RUE DU MARECHAL LECLERC,94410,SAINT-MAURICE
0002,11 VILLA VACASSY,94410,SAINT-MAURICE
0002,110 RUE DU MARECHAL LECLERC,94410,SAINT-MAURICE
0002,112 RUE DU MARECHAL LECLERC,94410,SAINT-MAURICE
0002,116 Bis RUE DU MARECHAL LECLERC,94410,SAINT-MAURICE
0002,116 RUE DU MARECHAL LECLERC,94410,SAINT-MAURICE
0002,12 / 14 RUE DU VAL D OSNE,94410,SAINT-MAURICE
0002,12 RUE DU VAL D OSNE,94410,SAINT-MAURICE
0002,12 RUE DU VAL D OSNE,94410,ST MAURICE
0002,12 VILLA VACASSY,94410,SAINT-MAURICE
0002,120 Bis RUE DU MARECHAL LECLERC,94410,SAINT-MAURICE
0002,120 RUE DU MARECHAL LECLERC,94410,SAINT-MAURICE
0002,122 RUE DU MARECHAL LECLERC,94410,SAINT-MAURICE
0002,122 RUE DU MARECHAL LECLERC,94410,ST MAURICE
0002,13 VILLA VACASSY,94410,SAINT-MAURICE
0002,130 RUE DU MARECHAL LECLERC,94410,SAINT-MAURICE
0002,132 RUE DU MARECHAL LECLERC,94410,SAINT-MAURICE
0002,134 RUE DU MARECHAL LECLERC,94410,SAINT-MAURICE
0002,136 / 138 RUE DU MARECHAL LECLERC,94410,SAINT-MAURICE
0002,136 RUE DU MARECHAL LECLERC,94410,SAINT-MAURICE
0002,138 RUE DU MARECHAL LECLERC,94410,SAINT-MAURICE
0002,14 RUE DU VAL D OSNE,94410,SAINT-MAURICE
0002,14 RUE DU VAL D OSNE,94410,ST MAURICE
0002,14 VILLA VACASSY,94410,SAINT-MAURICE
0002,140 RUE DU MARECHAL LECLERC,94410,SAINT-MAURICE
0002,142 RUE DU MARECHAL LECLERC,94410,SAINT-MAURICE
0002,15 VILLA VACASSY,94410,SAINT-MAURICE
0002,17 VILLA VACASSY,94410,SAINT-MAURICE
0002,18 VILLA VACASSY,94410,SAINT-MAURICE
0002,19 VILLA VACASSY,94410,SAINT-MAURICE
0002,2 / 2 RUELLE DU BOIS,94410,SAINT-MAURICE
0002,2 PLACE JEAN JAURES,94410,SAINT-MAURICE
0002,2 RUE MAURICE GREDAT,94410,SAINT-MAURICE
0002,2 RUELLE DU BOIS,94410,SAINT-MAURICE
0002,2 VILLA VACASSY,94410,SAINT-MAURICE
0002,20 VILLA VACASSY,94410,SAINT-MAURICE
0002,21 VILLA VACASSY,94410,SAINT-MAURICE
0002,22 VILLA VACASSY,94410,SAINT-MAURICE
0002,23 VILLA VACASSY,94410,SAINT-MAURICE
0002,23 VILLA VACASSY,94410,ST MAURICE
0002,3 IMPASSE JUNOT,94410,SAINT-MAURICE
0002,3 RUELLE DU BOIS,94410,SAINT-MAURICE
0002,3 VILLA VACASSY,94410,SAINT-MAURICE
0002,30 RUE DU MARECHAL LECLERC,94410,SAINT-MAURICE
0002,30 RUE DU MARECHAL LECLERC,94410,ST MAURICE
0002,32 Bis RUE DU MARECHAL LECLERC,94410,SAINT-MAURICE
0002,32 Bis RUE DU MARECHAL LECLERC,94410,ST MAURICE
0002,32 RUE DU MARECHAL LECLERC,94410,SAINT-MAURICE
0002,32 RUE DU MARECHAL LECLERC,94410,ST MAURICE
0002,34 Bis RUE DU MARECHAL LECLERC,94410,SAINT-MAURICE
0002,34 RUE DU MARECHAL LECLERC,94410,SAINT-MAURICE
0002,36 Bis RUE DU MARECHAL LECLERC,94410,SAINT-MAURICE
0002,36 RUE DU MARECHAL LECLERC,94410,SAINT-MAURICE
0002,36 RUE DU MARECHAL LECLERC,94410,ST MAURICE
0002,38 Bis RUE DU MARECHAL LECLERC,94410,SAINT-MAURICE
0002,38 RUE DU MARECHAL LECLERC,94410,SAINT-MAURICE
0002,4 Bis RUE DU VAL D OSNE,94410,SAINT-MAURICE
0002,4 RUE DU VAL D OSNE,94410,SAINT-MAURICE
0002,4 RUE DU VAL D OSNE,94410,ST MAURICE
0002,4 RUELLE DU BOIS,94410,SAINT-MAURICE
0002,4 VILLA VACASSY,94410,SAINT-MAURICE
0002,40 RUE DU MARECHAL LECLERC,94410,SAINT-MAURICE
0002,41 RUE DU MARECHAL LECLERC,94410,SAINT-MAURICE
0002,41 RUE DU MARECHAL LECLERC,94410,ST MAURICE
0002,42 RUE DU MARECHAL LECLERC,94410,SAINT-MAURICE
0002,44 RUE DU MARECHAL LECLERC,94410,SAINT-MAURICE
0002,45 RUE DU MARECHAL LECLERC,94410,SAINT-MAURICE
0002,45 RUE DU MARECHAL LECLERC,94410,ST MAURICE
0002,46 Bis RUE DU MARECHAL LECLERC,94410,SAINT-MAURICE
0002,49 RUE DU MARECHAL LECLERC,94410,SAINT-MAURICE
0002,5 VILLA VACASSY,94410,SAINT-MAURICE
0002,51 RUE DU MARECHAL LECLERC,94410,SAINT-MAURICE
0002,54 RUE DU MARECHAL LECLERC,94410,SAINT-MAURICE
0002,55 Bis RUE DU MARECHAL LECLERC,94410,SAINT-MAURICE
0002,55 RUE DU MARECHAL LECLERC,94410,SAINT-MAURICE
0002,55 RUE DU MARECHAL LECLERC,94410,ST MAURICE
0002,56 RUE DU MARECHAL LECLERC,94410,SAINT-MAURICE
0002,57 Bis RUE DU MARECHAL LECLERC,94410,SAINT-MAURICE
0002,57 Bis RUE DU MARECHAL LECLERC,94410,ST MAURICE
0002,57 RUE DU MARECHAL LECLERC,94410,SAINT-MAURICE
0002,57 RUE DU MARECHAL LECLERC,94410,ST MAURICE
0002,58 Bis RUE DU MARECHAL LECLERC,94410,SAINT-MAURICE
0002,58 RUE DU MARECHAL LECLERC,94410,SAINT-MAURICE
0002,59 RUE DU MARECHAL LECLERC,94410,SAINT-MAURICE
0002,6 Bis RUE DU VAL D OSNE,94410,SAINT-MAURICE
0002,6 Bis RUE DU VAL D OSNE,94410,ST MAURICE
0002,6 IMPASSE JUNOT,94410,SAINT-MAURICE
0002,6 RUE DU VAL D OSNE,94410,SAINT-MAURICE
0002,6 RUE DU VAL D OSNE,94410,ST MAURICE
0002,6 RUE MAURICE GREDAT,94410,SAINT-MAURICE
0002,6 RUELLE DU BOIS,94410,SAINT-MAURICE
0002,6 VILLA VACASSY,94410,SAINT-MAURICE
0002,61 RUE DU MARECHAL LECLERC,94410,SAINT-MAURICE
0002,63 RUE DU MARECHAL LECLERC,94410,SAINT-MAURICE
0002,64 A RUE DU MARECHAL LECLERC,94410,SAINT-MAURICE
0002,64 RUE DU MARECHAL LECLERC,94410,SAINT-MAURICE
0002,65 RUE DU MARECHAL LECLERC,94410,SAINT-MAURICE
0002,66 Bis RUE DU MARECHAL LECLERC,94410,SAINT-MAURICE
0002,66 RUE DU MARECHAL LECLERC,94410,SAINT-MAURICE
0002,66 Ter RUE DU MARECHAL LECLERC,94410,SAINT-MAURICE
0002,67 RUE DU MARECHAL LECLERC,94410,SAINT-MAURICE
0002,67 RUE DU MARECHAL LECLERC,94410,ST MAURICE
0002,68 RUE DU MARECHAL LECLERC,94410,SAINT-MAURICE
0002,69 RUE DU MARECHAL LECLERC,94410,SAINT-MAURICE
0002,7 VILLA VACASSY,94410,SAINT-MAURICE
0002,71 RUE DU MARECHAL LECLERC,94410,SAINT-MAURICE
0002,72 RUE DU MARECHAL LECLERC,94410,SAINT-MAURICE
0002,73 RUE DU MARECHAL LECLERC,94410,SAINT-MAURICE
0002,75 RUE DU MARECHAL LECLERC,94410,SAINT-MAURICE
0002,76 RUE DU MARECHAL LECLERC,94410,SAINT-MAURICE
0002,77 RUE DU MARECHAL LECLERC,94410,SAINT-MAURICE
0002,78 Bis RUE DU MARECHAL LECLERC,94410,SAINT-MAURICE
0002,78 RUE DU MARECHAL LECLERC,94410,SAINT-MAURICE
0002,78 Ter RUE DU MARECHAL LECLERC,94410,SAINT-MAURICE
0002,79 RUE DU MARECHAL LECLERC,94410,SAINT-MAURICE
0002,8 RUE DU VAL D OSNE,94410,SAINT-MAURICE
0002,8 RUE MAURICE GREDAT,94410,SAINT-MAURICE
0002,8 VILLA VACASSY,94410,SAINT-MAURICE
0002,80 RUE DU MARECHAL LECLERC,94410,SAINT-MAURICE
0002,81 RUE DU MARECHAL LECLERC,94410,SAINT-MAURICE
0002,81 RUE DU MARECHAL LECLERC,94410,ST MAURICE
0002,82 RUE DU MARECHAL LECLERC,94410,SAINT-MAURICE
0002,83 / 85 RUE DU MARECHAL LECLERC,94410,SAINT-MAURICE
0002,83 RUE DU MARECHAL LECLERC,94410,SAINT-MAURICE
0002,84 RUE DU MARECHAL LECLERC,94410,SAINT-MAURICE
0002,85 B RUE DU MARECHAL LECLERC,94410,SAINT-MAURICE
0002,85 Bis RUE DU MARECHAL LECLERC,94410,SAINT-MAURICE
0002,85 RUE DU MARECHAL LECLERC,94410,SAINT-MAURICE
0002,86 Bis RUE DU MARECHAL LECLERC,94410,SAINT-MAURICE
0002,87 RUE DU MARECHAL LECLERC,94410,SAINT-MAURICE
0002,87 RUE DU MARECHAL LECLERC,94410,ST MAURICE
0002,89 RUE DU MARECHAL LECLERC,94410,SAINT-MAURICE
0002,9 VILLA VACASSY,94410,SAINT-MAURICE
0002,90 RUE DU MARECHAL LECLERC,94410,SAINT-MAURICE
0002,92 RUE DU MARECHAL LECLERC,94410,SAINT-MAURICE
0002,94 RUE DU MARECHAL LECLERC,94410,SAINT-MAURICE
0002,96 RUE DU MARECHAL LECLERC,94410,SAINT-MAURICE
0002,ILE DE LA CHAUSSEE,94410,SAINT-MAURICE
0003,1 Bis RUE EDMOND NOCARD,94410,SAINT-MAURICE
0003,1 RUE ADRIEN-DAMALIX,94410,SAINT-MAURICE
0003,1 RUE DES EPINETTES,94410,SAINT-MAURICE
0003,1 RUE JULES BECLARD,94410,SAINT-MAURICE
0003,1 VILLA DES EPINETTES,94410,SAINT-MAURICE
0003,10 AVENUE DE VERDUN,94410,SAINT-MAURICE
0003,10 RUE ADRIEN-DAMALIX,94410,SAINT-MAURICE
0003,10 RUE EDMOND NOCARD,94410,SAINT-MAURICE
0003,11 AVENUE DE VERDUN,94410,SAINT-MAURICE
0003,11 RUE ADRIEN-DAMALIX,94410,SAINT-MAURICE
0003,11 RUE DES EPINETTES,94410,SAINT-MAURICE
0003,11 RUE EDMOND NOCARD,94410,SAINT-MAURICE
0003,12 AVENUE DE VERDUN,94410,SAINT-MAURICE
0003,12 RUE ADRIEN-DAMALIX,94410,SAINT-MAURICE
0003,13 AVENUE DE VERDUN,94410,SAINT-MAURICE
0003,13 B RUE ADRIEN-DAMALIX,94410,SAINT-MAURICE
0003,13 Bis AVENUE DE VERDUN,94410,SAINT-MAURICE
0003,13 Bis RUE ADRIEN-DAMALIX,94410,SAINT-MAURICE
0003,13 RUE ADRIEN-DAMALIX,94410,SAINT-MAURICE
0003,13 RUE ADRIEN-DAMALIX,94410,ST MAURICE
0003,13 RUE DES EPINETTES,94410,SAINT-MAURICE
0003,13 RUE EDMOND NOCARD,94410,SAINT-MAURICE
0003,13 RUE EDMOND NOCARD,94410,ST MAURICE
0003,14 AVENUE DE VERDUN,94410,SAINT-MAURICE
0003,14 RUE ADRIEN-DAMALIX,94410,SAINT-MAURICE
0003,15 AVENUE DE VERDUN,94410,SAINT-MAURICE
0003,15 RUE ADRIEN-DAMALIX,94410,SAINT-MAURICE
0003,15 RUE DES EPINETTES,94410,SAINT-MAURICE
0003,16 Bis AVENUE DE VERDUN,94410,SAINT-MAURICE
0003,16 RUE ADRIEN-DAMALIX,94410,SAINT-MAURICE
0003,17 AVENUE DE VERDUN,94410,SAINT-MAURICE
0003,17 Bis RUE DES EPINETTES,94410,SAINT-MAURICE
0003,17 RUE ADRIEN-DAMALIX,94410,SAINT-MAURICE
0003,17 RUE DES EPINETTES,94410,SAINT-MAURICE
0003,17 RUE EDMOND NOCARD,94410,SAINT-MAURICE
0003,17 RUE EDMOND NOCARD,94410,ST MAURICE
0003,17 Ter RUE DES EPINETTES,94410,SAINT-MAURICE
0003,18 AVENUE DE VERDUN,94410,SAINT-MAURICE
0003,18 RUE ADRIEN-DAMALIX,94410,SAINT-MAURICE
0003,19 AVENUE DE VERDUN,94410,SAINT-MAURICE
0003,19 AVENUE DE VERDUN,94410,ST MAURICE
0003,19 RUE ADRIEN-DAMALIX,94410,SAINT-MAURICE
0003,19 RUE DES EPINETTES,94410,SAINT-MAURICE
0003,19 RUE EDMOND NOCARD,94410,SAINT-MAURICE
0003,2 AVENUE DE VERDUN,94410,SAINT-MAURICE
0003,2 RUE ADRIEN-DAMALIX,94410,SAINT-MAURICE
0003,2 RUE JULES BECLARD,94410,SAINT-MAURICE
0003,2 RUE JULES BECLARD,94410,ST MAURICE
0003,20 AVENUE DE VERDUN,94410,SAINT-MAURICE
0003,20 RUE ADRIEN-DAMALIX,94410,SAINT-MAURICE
0003,21 AVENUE DE VERDUN,94410,SAINT-MAURICE
0003,21 RUE ADRIEN-DAMALIX,94410,SAINT-MAURICE
0003,21 RUE DES EPINETTES,94410,SAINT-MAURICE
0003,21 RUE EDMOND NOCARD,94410,SAINT-MAURICE
0003,22 RUE ADRIEN-DAMALIX,94410,SAINT-MAURICE
0003,22 RUE EDMOND NOCARD,94410,SAINT-MAURICE
0003,22 RUE EDMOND NOCARD,94410,ST MAURICE
0003,23 AVENUE DE VERDUN,94410,SAINT-MAURICE
0003,23 RUE DES EPINETTES,94410,SAINT-MAURICE
0003,23 RUE EDMOND NOCARD,94410,SAINT-MAURICE
0003,24 Bis RUE EDMOND NOCARD,94410,SAINT-MAURICE
0003,24 RUE ADRIEN-DAMALIX,94410,SAINT-MAURICE
0003,24 RUE ADRIEN-DAMALIX,94410,ST MAURICE
0003,24 RUE EDMOND NOCARD,94410,SAINT-MAURICE
0003,25 RUE DES EPINETTES,94410,SAINT-MAURICE
0003,25 RUE EDMOND NOCARD,94410,SAINT-MAURICE
0003,26 RUE EDMOND NOCARD,94410,SAINT-MAURICE
0003,27 RUE DES EPINETTES,94410,SAINT-MAURICE
0003,28 RUE EDMOND NOCARD,94410,SAINT-MAURICE
0003,29 RUE DU VAL D OSNE,94410,SAINT-MAURICE
0003,29 RUE EDMOND NOCARD,94410,SAINT-MAURICE
0003,3 AVENUE DE VERDUN,94410,SAINT-MAURICE
0003,3 Bis RUE EDMOND NOCARD,94410,SAINT-MAURICE
0003,3 RUE DES EPINETTES,94410,SAINT-MAURICE
0003,3 RUE DES EPINETTES,94410,ST MAURICE
0003,3 RUE EDMOND NOCARD,94410,SAINT-MAURICE
0003,3 RUE JULES BECLARD,94410,SAINT-MAURICE
0003,3 VILLA DES EPINETTES,94410,SAINT-MAURICE
0003,30 Bis AVENUE MAL DE LATTRE DE TASSIGNY,94410,SAINT-MAURICE
0003,30 RUE EDMOND NOCARD,94410,SAINT-MAURICE
0003,31 RUE DU VAL D OSNE,94410,SAINT-MAURICE
0003,32 AVENUE MAL DE LATTRE DE TASSIGNY,94410,SAINT-MAURICE
0003,32 RUE EDMOND NOCARD,94410,SAINT-MAURICE
0003,33 RUE DU VAL D OSNE,94410,SAINT-MAURICE
0003,34 AVENUE MAL DE LATTRE DE TASSIGNY,94410,SAINT-MAURICE
0003,35 RUE DU VAL D OSNE,94410,SAINT-MAURICE
0003,36 AVENUE MAL DE LATTRE DE TASSIGNY,94410,SAINT-MAURICE
0003,37 RUE DU VAL D OSNE,94410,SAINT-MAURICE
0003,4 AVENUE DE VERDUN,94410,SAINT-MAURICE
0003,4 Bis AVENUE DE VERDUN,94410,SAINT-MAURICE
0003,4 Bis RUE EDMOND NOCARD,94410,SAINT-MAURICE
0003,4 RUE ADRIEN-DAMALIX,94410,SAINT-MAURICE
0003,4 RUE JULES BECLARD,94410,SAINT-MAURICE
0003,40 AVENUE MAL DE LATTRE DE TASSIGNY,94410,SAINT-MAURICE
0003,40 AVENUE MAL DE LATTRE DE TASSIGNY,94410,ST MAURICE
0003,42 AVENUE MAL DE LATTRE DE TASSIGNY,94410,SAINT-MAURICE
0003,44 AVENUE MAL DE LATTRE DE TASSIGNY,94410,SAINT-MAURICE
0003,46 AVENUE MAL DE LATTRE DE TASSIGNY,94410,SAINT-MAURICE
0003,48 AVENUE MAL DE LATTRE DE TASSIGNY,94410,SAINT-MAURICE
0003,5 AVENUE DE VERDUN,94410,SAINT-MAURICE
0003,5 RUE EDMOND NOCARD,94410,SAINT-MAURICE
0003,5 RUE EDMOND NOCARD,94410,ST MAURICE
0003,5 RUE JULES BECLARD,94410,SAINT-MAURICE
0003,5 VILLA DES EPINETTES,94410,SAINT-MAURICE
0003,50 AVENUE MAL DE LATTRE DE TASSIGNY,94410,SAINT-MAURICE
0003,50 AVENUE MAL DE LATTRE DE TASSIGNY,94410,ST MAURICE
0003,52 AVENUE MAL DE LATTRE DE TASSIGNY,94410,SAINT-MAURICE
0003,54 AVENUE MAL DE LATTRE DE TASSIGNY,94410,SAINT-MAURICE
0003,6 AVENUE DE VERDUN,94410,SAINT-MAURICE
0003,6 Bis RUE JULES BECLARD,94410,SAINT-MAURICE
0003,6 RUE ADRIEN-DAMALIX,94410,SAINT-MAURICE
0003,6 RUE ADRIEN-DAMALIX,94410,ST MAURICE
0003,6 RUE EDMOND NOCARD,94410,SAINT-MAURICE
0003,6 RUE JULES BECLARD,94410,SAINT-MAURICE
0003,7 / 7 VILLA DES EPINETTES,94410,SAINT-MAURICE
0003,7 AVENUE DE VERDUN,94410,SAINT-MAURICE
0003,7 RUE EDMOND NOCARD,94410,SAINT-MAURICE
0003,7 RUE JULES BECLARD,94410,SAINT-MAURICE
0003,7 VILLA DES EPINETTES,94410,SAINT-MAURICE
0003,8 AVENUE DE VERDUN,94410,SAINT-MAURICE
0003,8 Bis RUE EDMOND NOCARD,94410,SAINT-MAURICE
0003,8 Bis RUE EDMOND NOCARD,94410,ST MAURICE
0003,8 RUE EDMOND NOCARD,94410,SAINT-MAURICE
0003,9 AVENUE DE VERDUN,94410,SAINT-MAURICE
0003,9 RUE ADRIEN-DAMALIX,94410,SAINT-MAURICE
0003,9 RUE EDMOND NOCARD,94410,SAINT-MAURICE
0003,9 RUE EDMOND NOCARD,94410,ST MAURICE
0003,9 VILLA DES EPINETTES,94410,SAINT-MAURICE
0004,1 / 3 RUE DE LA POMPE,94410,SAINT-MAURICE
0004,1 RUE CUIF,94410,SAINT-MAURICE
0004,1 RUE CUIF,94410,ST MAURICE
0004,1 RUE DE LA POMPE,94410,SAINT-MAURICE
0004,1 RUE DES AMANDIERS,94410,SAINT-MAURICE
0004,1 RUE DES SAULES,94410,SAINT-MAURICE
0004,1 RUE DES SUREAUX,94410,SAINT-MAURICE
0004,10 AVENUE MAL DE LATTRE DE TASSIGNY,94410,SAINT-MAURICE
0004,10 RUE CUIF,94410,SAINT-MAURICE
0004,10 RUE DE LA POMPE,94410,SAINT-MAURICE
0004,11 RUE DES SAULES,94410,SAINT-MAURICE
0004,11 RUE DU VAL D OSNE,94410,SAINT-MAURICE
0004,13 RUE DES SAULES,94410,SAINT-MAURICE
0004,13 RUE DU VAL D OSNE,94410,SAINT-MAURICE
0004,14 AVENUE MAL DE LATTRE DE TASSIGNY,94410,SAINT-MAURICE
0004,14 RUE DES EPINETTES,94410,SAINT-MAURICE
0004,14 RUE DES EPINETTES,94410,ST MAURICE
0004,15 RUE DES SAULES,94410,SAINT-MAURICE
0004,15 RUE DU VAL D OSNE,94410,SAINT-MAURICE
0004,16 RUE DES EPINETTES,94410,SAINT-MAURICE
0004,17 Bis RUE DU VAL D OSNE,94410,SAINT-MAURICE
0004,17 RUE DES SAULES,94410,SAINT-MAURICE
0004,17 RUE DU VAL D OSNE,94410,SAINT-MAURICE
0004,17 RUE DU VAL D OSNE,94410,ST MAURICE
0004,18 RUE DES EPINETTES,94410,SAINT-MAURICE
0004,19 RUE DE LA POMPE,94410,SAINT-MAURICE
0004,19 RUE DES SAULES,94410,SAINT-MAURICE
0004,19 RUE DU VAL D OSNE,94410,SAINT-MAURICE
0004,2 IMPASSE DU VAL D OSNE,94410,SAINT-MAURICE
0004,2 RUE DE LA POMPE,94410,SAINT-MAURICE
0004,2 RUE DES EPINETTES,94410,SAINT-MAURICE
0004,2 RUE DES EPINETTES,94410,ST MAURICE
0004,2 RUE DES SAULES,94410,SAINT-MAURICE
0004,2 RUE DES SAULES,94410,ST MAURICE
0004,20 AVENUE MAL DE LATTRE DE TASSIGNY,94410,SAINT-MAURICE
0004,20 AVENUE MAL DE LATTRE DE TASSIGNY,94410,ST MAURICE
0004,20 RUE DES EPINETTES,94410,SAINT-MAURICE
0004,20 RUE DES EPINETTES,94410,ST MAURICE
0004,22 AVENUE MAL DE LATTRE DE TASSIGNY,94410,SAINT-MAURICE
0004,23 RUE DU VAL D OSNE,94410,SAINT-MAURICE
0004,24 AVENUE MAL DE LATTRE DE TASSIGNY,94410,SAINT-MAURICE
0004,24 RUE DES EPINETTES,94410,SAINT-MAURICE
0004,25 Bis RUE DU VAL D OSNE,94410,SAINT-MAURICE
0004,25 RUE DU VAL D OSNE,94410,SAINT-MAURICE
0004,26 AVENUE MAL DE LATTRE DE TASSIGNY,94410,SAINT-MAURICE
0004,26 AVENUE MAL DE LATTRE DE TASSIGNY,94410,ST MAURICE
0004,26 RUE DES EPINETTES,94410,SAINT-MAURICE
0004,27 RUE DU VAL D OSNE,94410,SAINT-MAURICE
0004,28 AVENUE MAL DE LATTRE DE TASSIGNY,94410,SAINT-MAURICE
0004,28 RUE DES EPINETTES,94410,SAINT-MAURICE
0004,3 Bis RUE DES SUREAUX,94410,SAINT-MAURICE
0004,3 IMPASSE DU VAL D OSNE,94410,SAINT-MAURICE
0004,3 RUE DE LA POMPE,94410,SAINT-MAURICE
0004,3 RUE DE LA POMPE,94410,ST MAURICE
0004,3 RUE DES SAULES,94410,SAINT-MAURICE
0004,3 RUE DES SUREAUX,94410,SAINT-MAURICE
0004,30 RUE DES EPINETTES,94410,SAINT-MAURICE
0004,32 RUE DES EPINETTES,94410,SAINT-MAURICE
0004,34 Bis RUE DES EPINETTES,94410,SAINT-MAURICE
0004,34 RUE DES EPINETTES,94410,SAINT-MAURICE
0004,36 RUE DES EPINETTES,94410,SAINT-MAURICE
0004,4 Bis RUE DE LA POMPE,94410,SAINT-MAURICE
0004,4 RUE CUIF,94410,SAINT-MAURICE
0004,4 RUE DE LA POMPE,94410,SAINT-MAURICE
0004,4 RUE DES AMANDIERS,94410,SAINT-MAURICE
0004,4 RUE DES EPINETTES,94410,SAINT-MAURICE
0004,4 RUE DES SAULES,94410,SAINT-MAURICE
0004,5 IMPASSE DU VAL D OSNE,94410,SAINT-MAURICE
0004,5 RUE CUIF,94410,SAINT-MAURICE
0004,5 RUE CUIF,94410,ST MAURICE
0004,5 RUE DES SUREAUX,94410,SAINT-MAURICE
0004,6 AVENUE MAL DE LATTRE DE TASSIGNY,94410,SAINT-MAURICE
0004,6 B AVENUE MAL DE LATTRE DE TASSIGNY,94410,SAINT-MAURICE
0004,6 Bis AVENUE MAL DE LATTRE DE TASSIGNY,94410,SAINT-MAURICE
0004,6 RUE CUIF,94410,SAINT-MAURICE
0004,6 Ter AVENUE MAL DE LATTRE DE TASSIGNY,94410,SAINT-MAURICE
0004,8 AVENUE MAL DE LATTRE DE TASSIGNY,94410,SAINT-MAURICE
0004,8 AVENUE MAL DE LATTRE DE TASSIGNY,94410,ST MAURICE
0004,8 RUE CUIF,94410,SAINT-MAURICE
0004,8 RUE DE LA POMPE,94410,SAINT-MAURICE
0004,8 RUE DES SUREAUX,94410,SAINT-MAURICE
0004,9 RUE DU VAL D OSNE,94410,SAINT-MAURICE
0005,1 RUE DU DOCTEUR DECORSE,94410,SAINT-MAURICE
0005,1 RUE MARTHE CHENAL,94410,SAINT-MAURICE
0005,10 RUE DU DOCTEUR DECORSE,94410,SAINT-MAURICE
0005,10 RUE EUGENE DELACROIX,94410,SAINT-MAURICE
0005,10 RUE MARTHE CHENAL,94410,SAINT-MAURICE
0005,10 RUE MARTHE CHENAL,94410,ST MAURICE
0005,101 AVENUE DE GRAVELLE,94410,SAINT-MAURICE
0005,102 AVENUE DE GRAVELLE,94410,SAINT-MAURICE
0005,102 AVENUE DE GRAVELLE,94410,ST MAURICE
0005,103 AVENUE DE GRAVELLE,94410,SAINT-MAURICE
0005,104 AVENUE DE GRAVELLE,94410,SAINT-MAURICE
0005,105 AVENUE DE GRAVELLE,94410,SAINT-MAURICE
0005,106 AVENUE DE GRAVELLE,94410,SAINT-MAURICE
0005,107 AVENUE DE GRAVELLE,94410,SAINT-MAURICE
0005,108 AVENUE DE GRAVELLE,94410,SAINT-MAURICE
0005,108 AVENUE DE GRAVELLE,94410,ST MAURICE
0005,11 RUE DU DOCTEUR DECORSE,94410,SAINT-MAURICE
0005,11 RUE DU DOCTEUR DECORSE,94410,ST MAURICE
0005,11 RUE EUGENE DELACROIX,94410,SAINT-MAURICE
0005,11 RUE MARTHE CHENAL,94410,SAINT-MAURICE
0005,11 RUE MARTHE CHENAL,94410,ST MAURICE
0005,113 AVENUE DE GRAVELLE,94410,SAINT-MAURICE
0005,114 AVENUE DE GRAVELLE,94410,SAINT-MAURICE
0005,116 AVENUE DE GRAVELLE,94410,SAINT-MAURICE
0005,118 AVENUE DE GRAVELLE,94410,SAINT-MAURICE
0005,119 AVENUE DE GRAVELLE,94410,SAINT-MAURICE
0005,12 RUE DU DOCTEUR DECORSE,94410,SAINT-MAURICE
0005,12 RUE EUGENE DELACROIX,94410,SAINT-MAURICE
0005,12 RUE MARTHE CHENAL,94410,SAINT-MAURICE
0005,120 AVENUE DE GRAVELLE,94410,SAINT-MAURICE
0005,121 AVENUE DE GRAVELLE,94410,SAINT-MAURICE
0005,122 AVENUE DE GRAVELLE,94410,SAINT-MAURICE
0005,123 AVENUE DE GRAVELLE,94410,SAINT-MAURICE
0005,124 AVENUE DE GRAVELLE,94410,SAINT-MAURICE
0005,128 AVENUE DE GRAVELLE,94410,SAINT-MAURICE
0005,13 RUE DU DOCTEUR DECORSE,94410,SAINT-MAURICE
0005,13 RUE EUGENE DELACROIX,94410,SAINT-MAURICE
0005,13 RUE MARTHE CHENAL,94410,SAINT-MAURICE
0005,130 AVENUE DE GRAVELLE,94410,SAINT-MAURICE
0005,137 AVENUE DE GRAVELLE,94410,SAINT-MAURICE
0005,14 RUE DU DOCTEUR DECORSE,94410,SAINT-MAURICE
0005,14 RUE EUGENE DELACROIX,94410,SAINT-MAURICE
0005,16 RUE DU DOCTEUR DECORSE,94410,SAINT-MAURICE
0005,16 RUE EUGENE DELACROIX,94410,SAINT-MAURICE
0005,17 RUE DU DOCTEUR DECORSE,94410,SAINT-MAURICE
0005,18 RUE DU DOCTEUR DECORSE,94410,SAINT-MAURICE
0005,18 RUE EUGENE DELACROIX,94410,SAINT-MAURICE
0005,19 RUE DU DOCTEUR DECORSE,94410,SAINT-MAURICE
0005,2 RUE DU DOCTEUR DECORSE,94410,SAINT-MAURICE
0005,2 RUE EUGENE DELACROIX,94410,SAINT-MAURICE
0005,20 RUE DU DOCTEUR DECORSE,94410,SAINT-MAURICE
0005,21 RUE DU DOCTEUR DECORSE,94410,SAINT-MAURICE
0005,21 RUE EUGENE DELACROIX,94410,SAINT-MAURICE
0005,22 RUE DU DOCTEUR DECORSE,94410,SAINT-MAURICE
0005,23 RUE DU DOCTEUR DECORSE,94410,SAINT-MAURICE
0005,23 RUE EUGENE DELACROIX,94410,SAINT-MAURICE
0005,24 RUE DU DOCTEUR DECORSE,94410,SAINT-MAURICE
0005,25 RUE DU DOCTEUR DECORSE,94410,SAINT-MAURICE
0005,26 RUE DU DOCTEUR DECORSE,94410,SAINT-MAURICE
0005,27 Bis RUE ADRIEN-DAMALIX,94410,SAINT-MAURICE
0005,27 RUE ADRIEN-DAMALIX,94410,SAINT-MAURICE
0005,27 RUE DU DOCTEUR DECORSE,94410,SAINT-MAURICE
0005,28 RUE DU DOCTEUR DECORSE,94410,SAINT-MAURICE
0005,29 RUE ADRIEN-DAMALIX,94410,SAINT-MAURICE
0005,29 RUE DU DOCTEUR DECORSE,94410,SAINT-MAURICE
0005,3 RUE DU DOCTEUR DECORSE,94410,SAINT-MAURICE
0005,3 RUE EUGENE DELACROIX,94410,SAINT-MAURICE
0005,3 RUE EUGENE DELACROIX,94410,ST MAURICE
0005,3 RUE MARTHE CHENAL,94410,SAINT-MAURICE
0005,30 RUE ADRIEN-DAMALIX,94410,SAINT-MAURICE
0005,30 RUE DU DOCTEUR DECORSE,94410,SAINT-MAURICE
0005,31 RUE ADRIEN-DAMALIX,94410,SAINT-MAURICE
0005,31 RUE DU DOCTEUR DECORSE,94410,SAINT-MAURICE
0005,32 RUE ADRIEN-DAMALIX,94410,SAINT-MAURICE
0005,32 RUE DU DOCTEUR DECORSE,94410,SAINT-MAURICE
0005,33 RUE DU DOCTEUR DECORSE,94410,SAINT-MAURICE
0005,34 RUE ADRIEN-DAMALIX,94410,SAINT-MAURICE
0005,34 RUE DU DOCTEUR DECORSE,94410,SAINT-MAURICE
0005,35 RUE ADRIEN-DAMALIX,94410,SAINT-MAURICE
0005,35 RUE ADRIEN-DAMALIX,94410,ST MAURICE
0005,35 RUE DU DOCTEUR DECORSE,94410,SAINT-MAURICE
0005,36 RUE ADRIEN-DAMALIX,94410,SAINT-MAURICE
0005,37 RUE ADRIEN-DAMALIX,94410,SAINT-MAURICE
0005,37 RUE DU DOCTEUR DECORSE,94410,SAINT-MAURICE
0005,38 RUE ADRIEN-DAMALIX,94410,SAINT-MAURICE
0005,38 RUE DU DOCTEUR DECORSE,94410,SAINT-MAURICE
0005,39 Bis RUE ADRIEN-DAMALIX,94410,SAINT-MAURICE
0005,39 RUE DU DOCTEUR DECORSE,94410,SAINT-MAURICE
0005,4 RUE DU DOCTEUR DECORSE,94410,SAINT-MAURICE
0005,4 RUE EUGENE DELACROIX,94410,SAINT-MAURICE
0005,4 RUE EUGENE DELACROIX,94410,ST MAURICE
0005,4 RUE MARTHE CHENAL,94410,SAINT-MAURICE
0005,40 RUE DU DOCTEUR DECORSE,94410,SAINT-MAURICE
0005,40 Ter RUE DU DOCTEUR DECORSE,94410,SAINT-MAURICE
0005,41 Bis RUE ADRIEN-DAMALIX,94410,SAINT-MAURICE
0005,41 RUE ADRIEN-DAMALIX,94410,SAINT-MAURICE
0005,41 RUE ADRIEN-DAMALIX,94410,ST MAURICE
0005,41 RUE DU DOCTEUR DECORSE,94410,SAINT-MAURICE
0005,41 RUE DU VAL D OSNE,94410,SAINT-MAURICE
0005,42 RUE ADRIEN-DAMALIX,94410,SAINT-MAURICE
0005,42 RUE ADRIEN-DAMALIX,94410,ST MAURICE
0005,43 RUE ADRIEN-DAMALIX,94410,SAINT-MAURICE
0005,43 RUE DU DOCTEUR DECORSE,94410,SAINT-MAURICE
0005,43 RUE DU VAL D OSNE,94410,SAINT-MAURICE
0005,44 RUE ADRIEN-DAMALIX,94410,SAINT-MAURICE
0005,44 RUE DU DOCTEUR DECORSE,94410,SAINT-MAURICE
0005,45 RUE DU DOCTEUR DECORSE,94410,SAINT-MAURICE
0005,45 RUE DU VAL D OSNE,94410,SAINT-MAURICE
0005,46 Bis RUE DU DOCTEUR DECORSE,94410,SAINT-MAURICE
0005,46 RUE DU DOCTEUR DECORSE,94410,SAINT-MAURICE
0005,47 RUE DU DOCTEUR DECORSE,94410,SAINT-MAURICE
0005,47 RUE DU VAL D OSNE,94410,SAINT-MAURICE
0005,48 RUE DU DOCTEUR DECORSE,94410,SAINT-MAURICE
0005,49 RUE DU DOCTEUR DECORSE,94410,SAINT-MAURICE
0005,49 RUE DU VAL D OSNE,94410,SAINT-MAURICE
0005,5 RUE DU DOCTEUR DECORSE,94410,SAINT-MAURICE
0005,5 RUE EUGENE DELACROIX,94410,SAINT-MAURICE
0005,5 RUE MARTHE CHENAL,94410,SAINT-MAURICE
0005,50 RUE DU DOCTEUR DECORSE,94410,SAINT-MAURICE
0005,51 RUE DU DOCTEUR DECORSE,94410,SAINT-MAURICE
0005,51 RUE DU VAL D OSNE,94410,SAINT-MAURICE
0005,53 Bis RUE DU VAL D OSNE,94410,SAINT-MAURICE
0005,53 RUE DU VAL D OSNE,94410,SAINT-MAURICE
0005,54 RUE DU DOCTEUR DECORSE,94410,SAINT-MAURICE
0005,55 RUE DU VAL D OSNE,94410,SAINT-MAURICE
0005,56 AVENUE MAL DE LATTRE DE TASSIGNY,94410,SAINT-MAURICE
0005,56 Bis AVENUE MAL DE LATTRE DE TASSIGNY,94410,SAINT-MAURICE
0005,56 RUE DU DOCTEUR DECORSE,94410,SAINT-MAURICE
0005,57 RUE DU VAL D OSNE,94410,SAINT-MAURICE
0005,58 AVENUE MAL DE LATTRE DE TASSIGNY,94410,SAINT-MAURICE
0005,58 RUE DU DOCTEUR DECORSE,94410,SAINT-MAURICE
0005,59 Bis RUE DU VAL D OSNE,94410,SAINT-MAURICE
0005,59 RUE DU VAL D OSNE,94410,SAINT-MAURICE
0005,6 RUE EUGENE DELACROIX,94410,SAINT-MAURICE
0005,6 RUE MARTHE CHENAL,94410,SAINT-MAURICE
0005,60 AVENUE MAL DE LATTRE DE TASSIGNY,94410,SAINT-MAURICE
0005,60 Bis AVENUE MAL DE LATTRE DE TASSIGNY,94410,SAINT-MAURICE
0005,60 Bis AVENUE MAL DE LATTRE DE TASSIGNY,94410,ST MAURICE
0005,62 AVENUE MAL DE LATTRE DE TASSIGNY,94410,SAINT-MAURICE
0005,62 RUE DU DOCTEUR DECORSE,94410,SAINT-MAURICE
0005,66 AVENUE MAL DE LATTRE DE TASSIGNY,94410,SAINT-MAURICE
0005,66 RUE DU DOCTEUR DECORSE,94410,SAINT-MAURICE
0005,66 Ter AVENUE MAL DE LATTRE DE TASSIGNY,94410,SAINT-MAURICE
0005,68 AVENUE MAL DE LATTRE DE TASSIGNY,94410,SAINT-MAURICE
0005,68 RUE DU DOCTEUR DECORSE,94410,SAINT-MAURICE
0005,7 RUE DU DOCTEUR DECORSE,94410,SAINT-MAURICE
0005,7 RUE EUGENE DELACROIX,94410,SAINT-MAURICE
0005,7 RUE MARTHE CHENAL,94410,SAINT-MAURICE
0005,70 AVENUE MAL DE LATTRE DE TASSIGNY,94410,SAINT-MAURICE
0005,70 RUE DU DOCTEUR DECORSE,94410,SAINT-MAURICE
0005,74 RUE DU DOCTEUR DECORSE,94410,SAINT-MAURICE
0005,8 RUE DU DOCTEUR DECORSE,94410,SAINT-MAURICE
0005,8 RUE MARTHE CHENAL,94410,SAINT-MAURICE
0005,9 Bis RUE EUGENE DELACROIX,94410,SAINT-MAURICE
0005,9 RUE DU DOCTEUR DECORSE,94410,SAINT-MAURICE
0005,9 RUE EUGENE DELACROIX,94410,SAINT-MAURICE
0005,9 RUE MARTHE CHENAL,94410,SAINT-MAURICE
0006,06 RUE DES RESERVOIRS,94410,SAINT-MAURICE
0006,1 ALLEE DES ACACIAS,94410,SAINT-MAURICE
0006,1 ALLEE DES FRERES LUMIERE,94410,SAINT-MAURICE
0006,1 AVENUE DE PRESLES,94410,SAINT-MAURICE
0006,1 AVENUE DE PRESLES,94410,ST MAURICE
0006,1 RUE ARISTIDE BRIAND,94410,SAINT-MAURICE
0006,10 RUE DES RESERVOIRS,94410,SAINT-MAURICE
0006,10 RUE DES RESERVOIRS,94410,ST MAURICE
0006,11 ALLEE DES ACACIAS,94410,SAINT-MAURICE
0006,11 ALLEE DES FRERES LUMIERE,94410,SAINT-MAURICE
0006,11 AVENUE SAINT-MAURICE-DU-VALAIS,94410,SAINT-MAURICE
0006,11 RUE ARISTIDE BRIAND,94410,SAINT-MAURICE
0006,11 RUE ARISTIDE BRIAND,94410,ST MAURICE
0006,12 RUE DES RESERVOIRS,94410,SAINT-MAURICE
0006,13 ALLEE DES ACACIAS,94410,SAINT-MAURICE
0006,13 AVENUE SAINT-MAURICE-DU-VALAIS,94410,SAINT-MAURICE
0006,14 Bis RUE DES RESERVOIRS,94410,SAINT-MAURICE
0006,14 RUE DES RESERVOIRS,94410,SAINT-MAURICE
0006,14 RUE DES RESERVOIRS,94410,ST MAURICE
0006,15 AVENUE SAINT-MAURICE-DU-VALAIS,94410,SAINT-MAURICE
0006,16 RUE DES RESERVOIRS,94410,SAINT-MAURICE
0006,17 AVENUE SAINT-MAURICE-DU-VALAIS,94410,SAINT-MAURICE
0006,18 AVENUE DES CANADIENS,94410,SAINT-MAURICE
0006,18 AVENUE DES CANADIENS,94410,ST MAURICE
0006,18 RUE DES RESERVOIRS,94410,SAINT-MAURICE
0006,19 AVENUE SAINT-MAURICE-DU-VALAIS,94410,SAINT-MAURICE
0006,2 RUE DES RESERVOIRS,94410,SAINT-MAURICE
0006,2 RUE DES RESERVOIRS,94410,ST MAURICE
0006,20 AVENUE DE PRESLES,94410,SAINT-MAURICE
0006,20 AVENUE DE PRESLES,94410,ST MAURICE
0006,20 AVENUE DES CANADIENS,94410,SAINT-MAURICE
0006,20 RUE DES RESERVOIRS,94410,SAINT-MAURICE
0006,22 AVENUE DE PRESLES,94410,SAINT-MAURICE
0006,22 AVENUE DE PRESLES,94410,ST MAURICE
0006,22 AVENUE DES CANADIENS,94410,SAINT-MAURICE
0006,24 AVENUE DES CANADIENS,94410,SAINT-MAURICE
0006,26 AVENUE DE PRESLES,94410,SAINT-MAURICE
0006,3 ALLEE DES ACACIAS,94410,SAINT-MAURICE
0006,3 ALLEE DES FRERES LUMIERE,94410,SAINT-MAURICE
0006,3 RUE ARISTIDE BRIAND,94410,SAINT-MAURICE
0006,30 AVENUE DE PRESLES,94410,SAINT-MAURICE
0006,32 AVENUE DE PRESLES,94410,SAINT-MAURICE
0006,36 AVENUE DE PRESLES,94410,SAINT-MAURICE
0006,39 AVENUE DE PRESLES,94410,SAINT-MAURICE
0006,39 Bis AVENUE DE PRESLES,94410,SAINT-MAURICE
0006,39 Ter AVENUE DE PRESLES,94410,SAINT-MAURICE
0006,4 ALLEE DES ACACIAS,94410,SAINT-MAURICE
0006,4 ALLEE DES FRERES LUMIERE,94410,SAINT-MAURICE
0006,4 Bis ALLEE DES ACACIAS,94410,SAINT-MAURICE
0006,4 RUE ARISTIDE BRIAND,94410,SAINT-MAURICE
0006,4 RUE DES RESERVOIRS,94410,SAINT-MAURICE
0006,4 RUE DES RESERVOIRS,94410,ST MAURICE
0006,40 AVENUE DE PRESLES,94410,SAINT-MAURICE
0006,41 AVENUE DE PRESLES,94410,SAINT-MAURICE
0006,41 Bis AVENUE DE PRESLES,94410,SAINT-MAURICE
0006,5 ALLEE DES ACACIAS,94410,SAINT-MAURICE
0006,5 ALLEE DES FRERES LUMIERE,94410,SAINT-MAURICE
0006,5 ALLEE DES FRERES LUMIERE,94410,ST MAURICE
0006,5 AVENUE SAINT-MAURICE-DU-VALAIS,94410,SAINT-MAURICE
0006,6 RUE ARISTIDE BRIAND,94410,SAINT-MAURICE
0006,6 RUE DES RESERVOIRS,94410,SAINT-MAURICE
0006,6 RUE DES RESERVOIRS,94410,ST MAURICE
0006,7 / 11 ALLEE DES FRERES LUMIERE,94410,SAINT-MAURICE
0006,7 ALLEE DES ACACIAS,94410,SAINT-MAURICE
0006,7 ALLEE DES FRERES LUMIERE,94410,SAINT-MAURICE
0006,8 RUE ARISTIDE BRIAND,94410,SAINT-MAURICE
0006,8 RUE DES RESERVOIRS,94410,SAINT-MAURICE
0006,9 ALLEE DES FRERES LUMIERE,94410,SAINT-MAURICE
0006,9 RUE ARISTIDE BRIAND,94410,SAINT-MAURICE
0007,1 ALLEE DE LA VILLA  ANTONY,94410,SAINT-MAURICE
0007,1 ALLEE JEAN BIGUET,94410,SAINT-MAURICE
0007,1 ALLEE MOULIN DES CORBEAUX,94410,SAINT-MAURICE
0007,1 Bis ALLEE DE LA VILLA  ANTONY,94410,SAINT-MAURICE
0007,1 PLACE DE L'ECLUSE,94410,SAINT-MAURICE
0007,1 VILLA DES VIGNES,94410,ST MAURICE
0007,10 ALLEE DE LA VILLA  ANTONY,94410,SAINT-MAURICE
0007,10 AVENUE DES CANADIENS,94410,SAINT-MAURICE
0007,10 Bis AVENUE DES CANADIENS,94410,SAINT-MAURICE
0007,10 Bis AVENUE DES CANADIENS,94410,ST MAURICE
0007,10 QUAI DE BIR-HAKEIM,94410,SAINT-MAURICE
0007,10 QUAI DE BIR-HAKEIM,94410,ST MAURICE
0007,103 RUE DU MARECHAL LECLERC,94410,SAINT-MAURICE
0007,105 Bis RUE DU MARECHAL LECLERC,94410,SAINT-MAURICE
0007,107 RUE DU MARECHAL LECLERC,94410,SAINT-MAURICE
0007,11 ALLEE DE LA VILLA  ANTONY,94410,SAINT-MAURICE
0007,11 ALLEE MOULIN DES CORBEAUX,94410,SAINT-MAURICE
0007,11 VILLA DES VIGNES,94410,ST MAURICE
0007,12 ALLEE DE LA VILLA  ANTONY,94410,SAINT-MAURICE
0007,13 ALLEE DE LA VILLA  ANTONY,94410,SAINT-MAURICE
0007,13 VILLA DES VIGNES,94410,SAINT-MAURICE
0007,14 ALLEE DE LA VILLA  ANTONY,94410,SAINT-MAURICE
0007,144 RUE DU MARECHAL LECLERC,94410,SAINT-MAURICE
0007,144 RUE DU MARECHAL LECLERC,94410,ST MAURICE
0007,146 RUE DU MARECHAL LECLERC,94410,SAINT-MAURICE
0007,148 RUE DU MARECHAL LECLERC,94410,SAINT-MAURICE
0007,148 RUE DU MARECHAL LECLERC,94410,ST MAURICE
0007,15 VILLA DES VIGNES,94410,SAINT-MAURICE
0007,158 RUE DU MARECHAL LECLERC,94410,SAINT-MAURICE
0007,16 ALLEE DE LA VILLA  ANTONY,94410,SAINT-MAURICE
0007,160 Bis RUE DU MARECHAL LECLERC,94410,SAINT-MAURICE
0007,160 RUE DU MARECHAL LECLERC,94410,SAINT-MAURICE
0007,162 RUE DU MARECHAL LECLERC,94410,SAINT-MAURICE
0007,164 Bis RUE DU MARECHAL LECLERC,94410,SAINT-MAURICE
0007,164 RUE DU MARECHAL LECLERC,94410,SAINT-MAURICE
0007,166 RUE DU MARECHAL LECLERC,94410,SAINT-MAURICE
0007,168 RUE DU MARECHAL LECLERC,94410,SAINT-MAURICE
0007,17 VILLA DES VIGNES,94410,SAINT-MAURICE
0007,170 RUE DU MARECHAL LECLERC,94410,SAINT-MAURICE
0007,174 RUE DU MARECHAL LECLERC,94410,SAINT-MAURICE
0007,178 RUE DU MARECHAL LECLERC,94410,SAINT-MAURICE
0007,178 RUE DU MARECHAL LECLERC,94410,ST MAURICE
0007,180 RUE DU MARECHAL LECLERC,94410,SAINT-MAURICE
0007,184 RUE DU MARECHAL LECLERC,94410,SAINT-MAURICE
0007,2 ALLEE DE LA VILLA  ANTONY,94410,SAINT-MAURICE
0007,2 ALLEE JEAN BIGUET,94410,SAINT-MAURICE
0007,2 ALLEE MOULIN DES CORBEAUX,94410,SAINT-MAURICE
0007,2 PLACE DE L'ECLUSE,94410,SAINT-MAURICE
0007,2 QUAI DE BIR-HAKEIM,94410,SAINT-MAURICE
0007,2 QUAI DE BIR-HAKEIM,94410,ST MAURICE
0007,212 RUE DU MARECHAL LECLERC,94410,SAINT-MAURICE
0007,214 RUE DU MARECHAL LECLERC,94410,SAINT-MAURICE
0007,214 RUE DU MARECHAL LECLERC,94410,ST MAURICE
0007,216 RUE DU MARECHAL LECLERC,94410,SAINT-MAURICE
0007,218 RUE DU MARECHAL LECLERC,94410,SAINT-MAURICE
0007,220 RUE DU MARECHAL LECLERC,94410,SAINT-MAURICE
0007,222 RUE DU MARECHAL LECLERC,94410,SAINT-MAURICE
0007,222 RUE DU MARECHAL LECLERC,94410,ST MAURICE
0007,224 / rue RUE DU MARECHAL LECLERC,94410,SAINT-MAURICE
0007,224 RUE DU MARECHAL LECLERC,94410,SAINT-MAURICE
0007,224 RUE DU MARECHAL LECLERC,94410,ST MAURICE
0007,226 RUE DU MARECHAL LECLERC,94410,SAINT-MAURICE
0007,226 RUE DU MARECHAL LECLERC,94410,ST MAURICE
0007,228 Bis RUE DU MARECHAL LECLERC,94410,SAINT-MAURICE
0007,228 RUE DU MARECHAL LECLERC,94410,SAINT-MAURICE
0007,228 RUE DU MARECHAL LECLERC,94410,ST MAURICE
0007,234 RUE DU MARECHAL LECLERC,94410,SAINT-MAURICE
0007,236 RUE DU MARECHAL LECLERC,94410,SAINT-MAURICE
0007,236 RUE DU MARECHAL LECLERC,94410,ST MAURICE
0007,238 RUE DU MARECHAL LECLERC,94410,SAINT-MAURICE
0007,240 RUE DU MARECHAL LECLERC,94410,SAINT-MAURICE
0007,3 ALLEE DE LA VILLA  ANTONY,94410,SAINT-MAURICE
0007,3 ALLEE JEAN BIGUET,94410,SAINT-MAURICE
0007,3 ALLEE MOULIN DES CORBEAUX,94410,SAINT-MAURICE
0007,3 ALLEE MOULIN DES CORBEAUX,94410,ST MAURICE
0007,3 AVENUE JOSEPH FRANCOIS BELBEOCH,94410,SAINT-MAURICE
0007,4 ALLEE DE LA VILLA  ANTONY,94410,SAINT-MAURICE
0007,4 ALLEE JEAN BIGUET,94410,SAINT-MAURICE
0007,4 AVENUE DES CANADIENS,94410,SAINT-MAURICE
0007,4 QUAI DE BIR-HAKEIM,94410,SAINT-MAURICE
0007,5 ALLEE DE L ILE DES CORBEAUX,94410,SAINT-MAURICE
0007,5 ALLEE DE LA VILLA  ANTONY,94410,SAINT-MAURICE
0007,5 ALLEE MOULIN DES CORBEAUX,94410,SAINT-MAURICE
0007,5 ALLEE MOULIN DES CORBEAUX,94410,ST MAURICE
0007,6 ALLEE DE LA VILLA  ANTONY,94410,SAINT-MAURICE
0007,6 Bis ALLEE DE LA VILLA  ANTONY,94410,SAINT-MAURICE
0007,6 QUAI DE BIR-HAKEIM,94410,SAINT-MAURICE
0007,7 / 9 AVENUE DE LA VILLA ANTONY,94410,SAINT-MAURICE
0007,7 ALLEE DE LA VILLA  ANTONY,94410,SAINT-MAURICE
0007,7 ALLEE MOULIN DES CORBEAUX,94410,SAINT-MAURICE
0007,7 AVENUE DE LA VILLA ANTONY,94410,SAINT-MAURICE
0007,9 ALLEE DU PETIT-BRAS,94410,SAINT-MAURICE
0007,9 ALLEE MOULIN DES CORBEAUX,94410,SAINT-MAURICE
0007,9 VILLA DES VIGNES,94410,SAINT-MAURICE
0008,1 ALLEE DES BATEAUX LAVOIRS,94410,SAINT-MAURICE
0008,1 BELVEDERE DES MARTINETS,94410,SAINT-MAURICE
0008,1 BELVEDERE DES MARTINETS,94410,ST MAURICE
0008,1 Bis BELVEDERE DES MARTINETS,94410,SAINT-MAURICE
0008,1 RUE FRAGONARD,94410,SAINT-MAURICE
0008,1 VILLA JEAN GABIN,94410,SAINT-MAURICE
0008,1 VILLA MONTGOLFIER,94410,SAINT-MAURICE
0008,10 ALLEE DES CANOTIERS,94410,SAINT-MAURICE
0008,10 ALLEE DES CANOTIERS,94410,ST MAURICE
0008,2 ALLEE DES CANOTIERS,94410,SAINT-MAURICE
0008,2 PLACE MONTGOLFIER,94410,SAINT-MAURICE
0008,2 PROMENADE DU CANAL,94410,SAINT-MAURICE
0008,2 RUE FRAGONARD,94410,SAINT-MAURICE
0008,2 RUE FRAGONARD,94410,ST MAURICE
0008,2 RUE JEAN GABIN,94410,SAINT-MAURICE
0008,2 RUE JEAN GABIN,94410,ST MAURICE
0008,2 VILLA JEAN GABIN,94410,SAINT-MAURICE
0008,2 VILLA MONTGOLFIER,94410,SAINT-MAURICE
0008,3 ALLEE DES BATEAUX LAVOIRS,94410,SAINT-MAURICE
0008,3 ALLEE DES BATEAUX LAVOIRS,94410,ST MAURICE
0008,3 ALLEE DES GUINGUETTES,94410,SAINT-MAURICE
0008,3 ALLEE DES GUINGUETTES,94410,ST MAURICE
0008,3 RUE JEAN GABIN,94410,SAINT-MAURICE
0008,3 RUE JEAN GABIN,94410,ST MAURICE
0008,3 VILLA JEAN GABIN,94410,SAINT-MAURICE
0008,3 VILLA MONTGOLFIER,94410,SAINT-MAURICE
0008,3 VILLA MONTGOLFIER,94410,ST MAURICE
0008,4 ALLEE DES CANOTIERS,94410,SAINT-MAURICE
0008,4 BELVEDERE DES MARTINETS,94410,SAINT-MAURICE
0008,4 BELVEDERE DES MARTINETS,94410,ST MAURICE
0008,4 PROMENADE DU CANAL,94410,SAINT-MAURICE
0008,4 RUE FRAGONARD,94410,SAINT-MAURICE
0008,4 VILLA JEAN GABIN,94410,SAINT-MAURICE
0008,4 VILLA MONTGOLFIER,94410,SAINT-MAURICE
0008,5 ALLEE DES BATEAUX LAVOIRS,94410,SAINT-MAURICE
0008,5 ALLEE DES BATEAUX LAVOIRS,94410,ST MAURICE
0008,5 BELVEDERE DES MARTINETS,94410,SAINT-MAURICE
0008,5 BELVEDERE DES MARTINETS,94410,ST MAURICE
0008,5 VILLA MONTGOLFIER,94410,SAINT-MAURICE
0008,6 ALLEE DES CANOTIERS,94410,SAINT-MAURICE
0008,6 PLACE MONTGOLFIER,94410,SAINT-MAURICE
0008,6 RUE FRAGONARD,94410,SAINT-MAURICE
0008,6 RUE FRAGONARD,94410,ST MAURICE
0008,6 VILLA MONTGOLFIER,94410,SAINT-MAURICE
0008,8 ALLEE DES CANOTIERS,94410,SAINT-MAURICE
0008,8 ALLEE DES CANOTIERS,94410,ST MAURICE
0008,8 RUE PAUL VERLAINE,94410,SAINT-MAURICE
0008,8 RUE PAUL VERLAINE,94410,ST MAURICE
0008,9 R RUE FRAGONARD,94410,SAINT-MAURICE
0008,9 RUE FRAGONARD,94410,SAINT-MAURICE
0009,1 AVENUE JOSEPH FRANCOIS BELBEOCH,94410,SAINT-MAURICE
0009,1 AVENUE JOSEPH FRANCOIS BELBEOCH,94410,ST MAURICE
0009,1 RUE PAUL VERLAINE,94410,SAINT-MAURICE
0009,1 RUE PAUL VERLAINE,94410,ST MAURICE
0009,11 RUE PAUL VERLAINE,94410,SAINT-MAURICE
0009,11 RUE PAUL VERLAINE,94410,ST MAURICE
0009,119 RUE DU MARECHAL LECLERC,94410,SAINT-MAURICE
0009,119 RUE DU MARECHAL LECLERC,94410,ST MAURICE
0009,121 RUE DU MARECHAL LECLERC,94410,SAINT-MAURICE
0009,123 RUE DU MARECHAL LECLERC,94410,SAINT-MAURICE
0009,125 RUE DU MARECHAL LECLERC,94410,SAINT-MAURICE
0009,127 RUE DU MARECHAL LECLERC,94410,SAINT-MAURICE
0009,129 RUE DU MARECHAL LECLERC,94410,SAINT-MAURICE
0009,13 RUE PAUL VERLAINE,94410,SAINT-MAURICE
0009,13 RUE PAUL VERLAINE,94410,ST MAURICE
0009,131 RUE DU MARECHAL LECLERC,94410,SAINT-MAURICE
0009,133 RUE DU MARECHAL LECLERC,94410,SAINT-MAURICE
0009,135 Bis RUE DU MARECHAL LECLERC,94410,SAINT-MAURICE
0009,135 RUE DU MARECHAL LECLERC,94410,SAINT-MAURICE
0009,141 RUE DU MARECHAL LECLERC,94410,SAINT-MAURICE
0009,143 RUE DU MARECHAL LECLERC,94410,SAINT-MAURICE
0009,145 RUE DU MARECHAL LECLERC,94410,SAINT-MAURICE
0009,147 RUE DU MARECHAL LECLERC,94410,SAINT-MAURICE
0009,149 RUE DU MARECHAL LECLERC,94410,SAINT-MAURICE
0009,15 RUE PAUL VERLAINE,94410,SAINT-MAURICE
0009,151 RUE DU MARECHAL LECLERC,94410,SAINT-MAURICE
0009,151 RUE DU MARECHAL LECLERC,94410,ST MAURICE
0009,153 RUE DU MARECHAL LECLERC,94410,SAINT-MAURICE
0009,155 Bis RUE DU MARECHAL LECLERC,94410,SAINT-MAURICE
0009,155 RUE DU MARECHAL LECLERC,94410,SAINT-MAURICE
0009,155 RUE DU MARECHAL LECLERC,94410,ST MAURICE
0009,17 RUE PAUL VERLAINE,94410,SAINT-MAURICE
0009,2 AVENUE J.F. KENNEDY,94410,SAINT-MAURICE
0009,2 AVENUE J.F. KENNEDY,94410,ST MAURICE
0009,2 AVENUE SAINT-MAURICE-DU-VALAIS,94410,SAINT-MAURICE
0009,2 VILLA DES VIGNES,94410,SAINT-MAURICE
0009,258 RUE DU MARECHAL LECLERC,94410,SAINT-MAURICE
0009,258 RUE DU MARECHAL LECLERC,94410,ST MAURICE
0009,260 RUE DU MARECHAL LECLERC,94410,SAINT-MAURICE
0009,262 Bis RUE DU MARECHAL LECLERC,94410,SAINT-MAURICE
0009,262 RUE DU MARECHAL LECLERC,94410,SAINT-MAURICE
0009,264 RUE DU MARECHAL LECLERC,94410,SAINT-MAURICE
0009,266 RUE DU MARECHAL LECLERC,94410,SAINT-MAURICE
0009,268 RUE DU MARECHAL LECLERC,94410,SAINT-MAURICE
0009,272 RUE DU MARECHAL LECLERC,94410,SAINT-MAURICE
0009,3 RUE PAUL VERLAINE,94410,SAINT-MAURICE
0009,4 A AVENUE SAINT-MAURICE-DU-VALAIS,94410,SAINT-MAURICE
0009,4 AVENUE J.F. KENNEDY,94410,SAINT-MAURICE
0009,4 AVENUE SAINT-MAURICE-DU-VALAIS,94410,SAINT-MAURICE
0009,4 B AVENUE SAINT-MAURICE-DU-VALAIS,94410,SAINT-MAURICE
0009,4 Bis AVENUE SAINT-MAURICE-DU-VALAIS,94410,SAINT-MAURICE
0009,5 RUE PAUL VERLAINE,94410,SAINT-MAURICE
0009,5 RUE PAUL VERLAINE,94410,ST MAURICE
0009,6 AVENUE J.F. KENNEDY,94410,SAINT-MAURICE
0009,6 AVENUE J.F. KENNEDY,94410,ST MAURICE
0009,7 RUE PAUL VERLAINE,94410,SAINT-MAURICE
0009,7 RUE PAUL VERLAINE,94410,ST MAURICE
0009,9 RUE PAUL VERLAINE,94410,SAINT-MAURICE
0009,9 RUE PAUL VERLAINE,94410,ST MAURICE
